City_ID,City,Country,Date,Lat,Lng,Max Temp,Humidity,Cloudiness,Wind Speed
0,Padang,ID,2021-09-26 14:23:22,-0.9492,100.3543,77.05,95,100,2.42
1,Port Blair,IN,2021-09-26 14:23:22,11.6667,92.75,78.82,89,100,14.03
2,Atar,MR,2021-09-26 14:23:23,20.5169,-13.0499,105.53,10,11,9.22
3,Avarua,CK,2021-09-26 14:23:23,-21.2078,-159.775,69.85,94,75,2.3
4,Rayong,TH,2021-09-26 14:23:23,12.8333,101.4333,80.15,99,100,0.83
5,San Patricio,US,2021-09-26 14:23:24,28.017,-97.5169,79.88,60,7,5.23
6,Saint-Philippe,RE,2021-09-26 14:23:24,-21.3585,55.7679,73.22,83,44,14.56
7,Bonavista,CA,2021-09-26 14:23:24,48.6499,-53.1147,60.12,80,79,17.22
8,Leningradskiy,RU,2021-09-26 14:23:25,69.3833,178.4167,23.95,89,99,7.9
9,Malanje,AO,2021-09-26 14:23:25,-9.5402,16.341,88.39,27,79,6.38
10,Katsuura,JP,2021-09-26 14:19:48,35.1333,140.3,68.14,70,44,9.55
11,Yellowknife,CA,2021-09-26 14:23:26,62.456,-114.3525,36.41,100,75,10.36
12,Constantine,DZ,2021-09-26 14:19:47,36.365,6.6147,96.21,21,40,10.36
13,Hermanus,ZA,2021-09-26 14:23:26,-34.4187,19.2345,63.0,77,70,8.55
14,Ishigaki,JP,2021-09-26 14:23:26,24.3448,124.1572,83.77,77,3,14.63
15,Gandorhun,SL,2021-09-26 14:23:27,7.5,-11.8333,81.37,84,100,4.72
16,Mataura,NZ,2021-09-26 14:23:27,-46.1927,168.8643,30.99,97,9,1.54
17,Geraldton,AU,2021-09-26 14:23:27,-28.7667,114.6,62.13,59,40,10.36
18,Tuatapere,NZ,2021-09-26 14:23:28,-46.1333,167.6833,35.1,87,50,4.45
19,Longyearbyen,SJ,2021-09-26 14:23:29,78.2186,15.6401,39.04,93,75,8.05
20,Castro,BR,2021-09-26 14:23:29,-24.7911,-50.0119,80.26,42,0,4.76
21,Bluff,NZ,2021-09-26 14:23:29,-46.6,168.3333,40.19,71,29,4.25
22,Kununurra,AU,2021-09-26 14:23:30,-15.7667,128.7333,75.18,64,100,3.44
23,Thornhill,GB,2021-09-26 14:23:30,55.2333,-3.7667,65.71,95,100,14.67
24,Port Elizabeth,ZA,2021-09-26 14:23:30,-33.918,25.5701,68.29,73,20,9.22
25,Nanortalik,GL,2021-09-26 14:23:31,60.1432,-45.2371,39.52,62,7,5.66
26,Tambovka,RU,2021-09-26 14:23:31,50.0969,128.0489,57.31,83,90,8.21
27,Thompson,CA,2021-09-26 14:23:32,55.7435,-97.8558,39.36,100,40,0.0
28,Chifeng,CN,2021-09-26 14:23:32,42.2683,118.9636,60.71,84,100,4.99
29,Airai,TL,2021-09-26 14:23:32,-8.9266,125.4092,59.79,91,93,1.7
30,Upernavik,GL,2021-09-26 14:23:33,72.7868,-56.1549,23.7,64,9,4.43
31,Nishihara,JP,2021-09-26 14:23:33,26.1842,127.7558,83.48,85,75,8.05
32,Ponta Delgada,PT,2021-09-26 14:23:00,37.7333,-25.6667,76.5,83,20,10.36
33,Prince George,CA,2021-09-26 14:18:42,53.9166,-122.753,53.04,100,90,10.36
34,Atuona,PF,2021-09-26 14:23:33,-9.8,-139.0333,77.38,75,64,20.29
35,Itacarambi,BR,2021-09-26 14:23:34,-15.1022,-44.0919,88.54,31,98,6.24
36,Rikitea,PF,2021-09-26 14:23:28,-23.1203,-134.9692,73.27,75,19,19.04
37,Lompoc,US,2021-09-26 14:19:28,34.6391,-120.4579,59.56,92,90,3.44
38,Altay,CN,2021-09-26 14:23:34,47.8667,88.1167,42.39,32,88,3.71
39,Husavik,IS,2021-09-26 14:23:35,66.0449,-17.3389,40.91,98,100,28.1
40,Albany,US,2021-09-26 14:19:10,42.6001,-73.9662,63.75,62,69,1.99
41,Victoria,HK,2021-09-26 14:23:35,22.2855,114.1577,85.32,76,83,1.99
42,Lavrentiya,RU,2021-09-26 14:23:36,65.5833,-171.0,31.06,79,100,6.64
43,Cape Town,ZA,2021-09-26 14:23:32,-33.9258,18.4232,72.01,49,0,3.44
44,Dikson,RU,2021-09-26 14:23:36,73.5069,80.5464,36.68,81,100,20.27
45,Plettenberg Bay,ZA,2021-09-26 14:23:37,-34.0527,23.3716,63.66,76,27,9.46
46,Alihe,CN,2021-09-26 14:23:37,50.5667,123.7167,55.67,97,100,7.85
47,Isiro,CD,2021-09-26 14:23:37,2.7739,27.616,76.53,66,59,2.51
48,Reconquista,AR,2021-09-26 14:23:38,-29.15,-59.65,79.23,35,0,7.96
49,Chuy,UY,2021-09-26 14:23:38,-33.6971,-53.4616,67.15,66,33,1.52
50,Souillac,MU,2021-09-26 14:23:39,-20.5167,57.5167,72.36,88,75,10.36
51,Hobart,AU,2021-09-26 14:23:39,-42.8794,147.3294,43.05,85,6,1.01
52,Vostok,RU,2021-09-26 14:23:39,46.4856,135.8833,46.94,89,0,3.83
53,Qaanaaq,GL,2021-09-26 14:23:40,77.484,-69.3632,18.68,68,23,6.87
54,San Juan,AR,2021-09-26 14:23:40,-31.5375,-68.5364,81.73,25,0,24.49
55,Ancud,CL,2021-09-26 14:23:40,-41.8697,-73.8203,49.53,64,6,1.66
56,Manokwari,ID,2021-09-26 14:21:35,-0.8667,134.0833,79.86,78,7,2.95
57,Bredasdorp,ZA,2021-09-26 14:23:41,-34.5322,20.0403,65.52,63,93,10.36
58,Norman Wells,CA,2021-09-26 14:23:41,65.282,-126.8329,30.24,93,90,8.05
59,Belaya Gora,RU,2021-09-26 14:23:42,68.5333,146.4167,33.22,96,100,19.08
60,Ushuaia,AR,2021-09-26 14:23:42,-54.8,-68.3,40.44,53,1,4.27
61,Vaini,TO,2021-09-26 14:23:43,-21.2,-175.2,68.16,94,75,3.44
62,Ostrovnoy,RU,2021-09-26 14:23:43,68.0531,39.5131,47.59,88,100,7.05
63,Soc Trang,VN,2021-09-26 14:23:43,9.6033,105.98,78.76,86,100,6.02
64,Coihaique,CL,2021-09-26 14:23:44,-45.5752,-72.0662,45.21,57,40,4.61
65,Puerto Ayora,EC,2021-09-26 14:23:44,-0.7393,-90.3518,71.56,88,97,8.41
66,East London,ZA,2021-09-26 14:23:45,-33.0153,27.9116,70.74,73,20,9.22
67,Busselton,AU,2021-09-26 14:23:45,-33.65,115.3333,55.04,93,9,9.89
68,Namatanai,PG,2021-09-26 14:23:46,-3.6667,152.4333,79.59,82,98,5.64
69,Osakarovka,KZ,2021-09-26 14:23:46,50.565,72.5692,45.55,54,78,20.71
70,Tiksi,RU,2021-09-26 14:23:47,71.6872,128.8694,34.56,97,100,16.91
71,Yangambi,CD,2021-09-26 14:23:47,0.8102,24.4336,77.49,77,91,5.68
72,Prince Rupert,CA,2021-09-26 14:23:47,54.3161,-130.3201,49.69,98,90,2.3
73,Ust-Kuyga,RU,2021-09-26 14:23:48,70.0167,135.6,31.32,97,100,9.17
74,Miri,MY,2021-09-26 14:23:48,4.4148,114.0089,80.74,89,40,4.61
75,Abalak,RU,2021-09-26 14:23:48,58.1286,68.5944,35.92,73,15,7.2
76,Punta Arenas,CL,2021-09-26 14:22:32,-53.15,-70.9167,42.91,61,75,12.66
77,Macon,US,2021-09-26 14:23:49,39.8667,-88.9668,66.67,63,1,12.66
78,Hithadhoo,MV,2021-09-26 14:23:35,-0.6,73.0833,82.47,74,64,17.0
79,Port Alfred,ZA,2021-09-26 14:23:49,-33.5906,26.891,67.96,78,18,9.48
80,Codrington,AU,2021-09-26 14:23:50,-38.2667,141.9667,39.97,91,48,8.86
81,Chokurdakh,RU,2021-09-26 14:23:50,70.6333,147.9167,32.4,97,100,19.82
82,Ribeira Grande,PT,2021-09-26 14:23:50,38.5167,-28.7,73.8,73,20,23.02
83,Balikpapan,ID,2021-09-26 14:23:51,-1.2675,116.8289,79.03,84,35,6.46
84,Severo-Kurilsk,RU,2021-09-26 14:23:51,50.6789,156.125,47.3,91,56,10.92
85,Nouadhibou,MR,2021-09-26 14:23:51,20.931,-17.0347,78.78,65,20,16.11
86,Carnarvon,AU,2021-09-26 14:23:52,-24.8667,113.6333,66.27,59,0,11.5
87,Motygino,RU,2021-09-26 14:21:18,58.1831,94.7592,34.61,76,39,6.58
88,Fairbanks,US,2021-09-26 14:23:52,64.8378,-147.7164,30.02,93,96,0.67
89,Quepos,CR,2021-09-26 14:23:53,9.4236,-84.1652,87.53,77,76,0.45
90,San Quintin,MX,2021-09-26 14:23:53,30.4833,-115.95,66.67,80,100,7.87
91,Malaya Vishera,RU,2021-09-26 14:20:22,58.8454,32.2222,51.55,86,69,10.6
92,Saskylakh,RU,2021-09-26 14:23:54,71.9167,114.0833,33.66,98,100,11.21
93,Kokopo,PG,2021-09-26 14:23:54,-4.352,152.2633,77.25,86,100,5.46
94,Santa Helena De Goias,BR,2021-09-26 14:23:54,-17.8136,-50.5969,95.13,22,4,7.96
95,Saint George,US,2021-09-26 14:20:54,37.1041,-113.5841,74.35,46,1,9.22
96,Jamestown,US,2021-09-26 14:21:25,42.097,-79.2353,60.51,10,18,11.21
97,Esperance,AU,2021-09-26 14:23:55,-33.8667,121.9,55.24,83,81,10.83
98,Puerto Colombia,CO,2021-09-26 14:23:55,10.9878,-74.9547,86.09,71,39,5.3
99,Kongolo,CD,2021-09-26 14:23:56,-5.3833,27.0,84.4,47,100,9.91
100,Fare,PF,2021-09-26 14:23:56,-16.7,-151.0167,78.62,78,6,14.81
101,Broome,US,2021-09-26 14:23:57,42.2506,-75.833,61.2,71,20,1.99
102,Kisangani,CD,2021-09-26 14:23:57,0.5167,25.2,72.66,84,99,3.44
103,Khatanga,RU,2021-09-26 14:23:57,71.9667,102.5,33.3,84,100,8.14
104,Georgetown,MY,2021-09-26 14:23:58,5.4112,100.3354,77.9,94,40,4.61
105,Seguin,US,2021-09-26 14:21:32,29.5688,-97.9647,73.72,76,1,3.44
106,Roald,NO,2021-09-26 14:23:58,62.5833,6.1333,72.16,55,0,6.91
107,Narsaq,GL,2021-09-26 14:23:59,60.9167,-46.05,37.62,36,0,4.7
108,Lingao,CN,2021-09-26 14:23:59,19.9103,109.6859,78.94,88,0,10.45
109,Sakaiminato,JP,2021-09-26 14:23:59,35.55,133.2333,73.38,78,75,11.5
110,Necochea,AR,2021-09-26 14:24:00,-38.5473,-58.7368,56.03,69,1,19.71
111,Isangel,VU,2021-09-26 14:24:00,-19.55,169.2667,69.12,79,9,6.96
112,Port Hedland,AU,2021-09-26 14:24:00,-20.3167,118.5667,73.45,73,4,11.5
113,New Norfolk,AU,2021-09-26 14:24:01,-42.7826,147.0587,42.71,69,9,2.8
114,Kapaa,US,2021-09-26 14:24:01,22.0752,-159.319,77.32,83,40,3.0
115,Kodiak,US,2021-09-26 14:22:59,57.79,-152.4072,38.23,94,100,8.99
116,Hay River,CA,2021-09-26 14:24:02,60.8156,-115.7999,33.78,100,40,0.0
117,Madimba,TZ,2021-09-26 14:24:02,-10.4,40.3333,80.65,62,7,11.27
118,Rawson,AR,2021-09-26 14:24:02,-43.3002,-65.1023,52.74,37,4,17.02
119,Sitka,US,2021-09-26 14:24:03,57.0531,-135.33,42.69,87,75,0.0
120,Aswan,EG,2021-09-26 14:24:03,24.0934,32.907,99.7,15,0,9.22
121,Constanza,DE,2021-09-26 14:24:04,47.6603,9.1758,69.89,98,100,4.12
122,Saldanha,ZA,2021-09-26 14:24:04,-33.0117,17.9442,77.05,78,6,15.95
123,Kushiro,JP,2021-09-26 14:24:04,42.975,144.3747,55.9,88,100,4.61
124,Nhulunbuy,AU,2021-09-26 14:24:05,-12.2333,136.7667,77.61,88,56,6.91
125,Hailey,US,2021-09-26 14:24:05,43.5196,-114.3153,46.26,53,1,10.36
126,Owerri,NG,2021-09-26 14:24:05,5.4833,7.0304,75.61,93,100,3.53
127,Usinsk,RU,2021-09-26 14:24:06,65.9939,57.5281,41.54,61,100,7.36
128,Mikhaylovka,RU,2021-09-26 14:24:06,50.06,43.2379,56.71,65,24,17.56
129,Fort Frances,CA,2021-09-26 14:24:06,48.5999,-93.4003,56.16,77,90,0.0
130,Bambous Virieux,MU,2021-09-26 14:24:07,-20.3428,57.7575,71.85,88,75,10.36
131,Nioro,GM,2021-09-26 14:24:07,13.35,-15.75,92.26,58,94,1.7
132,Port Keats,AU,2021-09-26 14:24:08,-14.25,129.55,77.04,82,60,4.21
133,Bengkulu,ID,2021-09-26 14:24:08,-3.8004,102.2655,75.78,89,100,2.66
134,Porto Novo,BJ,2021-09-26 14:24:08,6.4965,2.6036,85.82,64,73,10.42
135,Luganville,VU,2021-09-26 14:24:09,-15.5333,167.1667,75.52,87,93,9.17
136,Cabedelo,BR,2021-09-26 14:21:20,-6.9811,-34.8339,83.07,72,75,18.95
137,Casablanca,MA,2021-09-26 14:21:04,33.5928,-7.6192,84.42,61,0,18.99
138,Constitucion,CL,2021-09-26 14:24:09,-35.3333,-72.4167,55.96,62,100,8.48
139,Maceio,BR,2021-09-26 14:20:49,-9.6658,-35.7353,85.44,65,75,16.11
140,Port Moresby,PG,2021-09-26 14:21:32,-9.4431,147.1797,78.22,89,90,9.22
141,Hasaki,JP,2021-09-26 14:24:10,35.7333,140.8333,66.6,63,90,11.5
142,Kaitangata,NZ,2021-09-26 14:24:10,-46.2817,169.8464,34.2,91,19,5.21
143,Santa Luzia,BR,2021-09-26 14:24:11,-19.7697,-43.8514,81.68,44,0,4.61
144,Naberera,TZ,2021-09-26 14:24:11,-4.2,36.9333,77.16,31,97,12.88
145,Cherskiy,RU,2021-09-26 14:24:12,68.75,161.3,31.33,98,100,15.23
146,Kjollefjord,NO,2021-09-26 14:24:12,70.9457,27.3465,48.9,71,100,16.62
147,Iqaluit,CA,2021-09-26 14:24:12,63.7506,-68.5145,35.33,87,75,11.01
148,Cootamundra,AU,2021-09-26 14:24:13,-34.65,148.0333,44.94,83,0,13.02
149,Pacific Grove,US,2021-09-26 14:24:13,36.6177,-121.9166,59.76,88,82,1.01
150,Mehamn,NO,2021-09-26 14:24:14,71.0357,27.8492,48.7,71,100,12.03
151,Ayacucho,PE,2021-09-26 14:24:14,-13.1583,-74.2239,62.46,42,20,3.44
152,Bulgan,MN,2021-09-26 14:24:15,48.8125,103.5347,37.87,51,81,0.18
153,Bathsheba,BB,2021-09-26 14:24:15,13.2167,-59.5167,88.41,70,40,10.36
154,Tuktoyaktuk,CA,2021-09-26 14:24:15,69.4541,-133.0374,33.8,86,90,14.97
155,Varena,LT,2021-09-26 14:24:16,54.2167,24.5667,61.48,52,38,6.53
156,Provideniya,RU,2021-09-26 14:24:16,64.3833,-173.3,32.07,84,100,6.22
157,Rio Grande,BR,2021-09-26 14:24:17,-32.035,-52.0986,68.95,71,0,2.95
158,Fortuna,US,2021-09-26 14:24:17,40.5982,-124.1573,55.92,67,90,3.0
159,Byron Bay,AU,2021-09-26 14:24:17,-28.65,153.6167,58.95,75,100,14.29
160,Porto Nacional,BR,2021-09-26 14:24:18,-10.7081,-48.4172,84.2,26,13,6.4
161,Tessalit,ML,2021-09-26 14:24:19,20.1986,1.0114,102.99,7,0,17.72
162,Cabo San Lucas,MX,2021-09-26 14:21:54,22.8909,-109.9124,78.15,79,28,4.41
163,Bud,US,2021-09-26 14:24:19,39.447,-86.1758,64.47,70,2,8.9
164,Yenagoa,NG,2021-09-26 14:24:20,4.9247,6.2642,77.59,89,100,1.28
165,Hilo,US,2021-09-26 14:24:20,19.7297,-155.09,74.8,89,90,5.75
166,Sungaipenuh,ID,2021-09-26 14:24:20,-2.0833,101.3833,66.38,98,100,0.6
167,Fort Nelson,CA,2021-09-26 14:24:21,58.8053,-122.7002,36.99,75,75,0.0
168,Progreso,MX,2021-09-26 14:24:21,21.2833,-89.6667,83.1,82,34,5.28
169,Ketchikan,US,2021-09-26 14:24:21,55.3422,-131.6461,45.07,93,20,0.0
170,Zvolen,SK,2021-09-26 14:24:22,48.5744,19.1532,78.01,53,38,4.07
171,Kumano,JP,2021-09-26 14:24:22,34.3442,132.5894,72.52,88,35,7.96
172,Bronnoysund,NO,2021-09-26 14:24:23,65.4625,12.1997,59.41,94,75,9.22
173,Pitangui,BR,2021-09-26 14:24:23,-19.6828,-44.8903,86.38,32,0,7.34
174,Ilulissat,GL,2021-09-26 14:24:23,69.2167,-51.1,21.22,45,0,11.5
175,Vila Velha,BR,2021-09-26 14:22:50,-20.3297,-40.2925,80.55,59,75,10.36
176,Sioux Lookout,CA,2021-09-26 14:24:24,50.1001,-91.917,50.07,100,75,0.0
177,Taoudenni,ML,2021-09-26 14:24:24,22.6783,-3.9836,109.89,5,5,19.42
178,The Valley,AI,2021-09-26 14:24:25,18.217,-63.0578,88.11,70,40,6.91
179,Poum,NC,2021-09-26 14:24:25,-20.2333,164.0167,71.26,73,100,7.09
180,Chardara,KZ,2021-09-26 14:24:25,41.2547,67.9692,78.53,19,0,3.94
181,Kushnarenkovo,RU,2021-09-26 14:24:26,55.105,55.3508,57.58,68,100,15.35
182,Mahebourg,MU,2021-09-26 14:24:26,-20.4081,57.7,71.89,88,75,10.36
183,Alofi,NU,2021-09-26 14:24:27,-19.0595,-169.9187,60.69,100,55,0.0
184,Mokhsogollokh,RU,2021-09-26 14:24:27,61.4681,128.9203,31.24,90,81,4.32
185,Praya,CV,2021-09-26 14:24:27,14.9215,-23.5087,86.54,58,20,19.57
186,Gouyave,GD,2021-09-26 14:24:28,12.1646,-61.7296,88.57,70,40,13.8
187,Avera,US,2021-09-26 14:24:28,33.194,-82.5271,69.67,60,0,2.95
188,El Seibo,DO,2021-09-26 14:24:29,18.7641,-69.0375,87.33,63,3,3.85
189,Mugur-Aksy,RU,2021-09-26 14:24:29,50.35,90.5,27.52,66,89,4.7
190,Auki,SB,2021-09-26 14:24:29,-8.7676,160.7034,77.34,88,56,3.69
191,Tabuan,PH,2021-09-26 14:24:30,9.5156,122.8506,75.76,91,84,1.3
192,Gazli,UZ,2021-09-26 14:24:30,40.1333,63.45,84.76,23,0,14.74
193,Wanning,CN,2021-09-26 14:24:30,18.8003,110.3967,79.43,87,16,4.7
194,Cidreira,BR,2021-09-26 14:24:31,-30.1811,-50.2056,70.12,71,0,6.64
195,Naryan-Mar,RU,2021-09-26 14:24:31,67.6713,53.087,41.65,90,100,13.89
196,Buriti Dos Lopes,BR,2021-09-26 14:24:31,-3.175,-41.8669,99.18,29,92,6.4
197,Aripuana,BR,2021-09-26 14:24:32,-9.1667,-60.6333,94.39,40,9,2.44
198,Banes,CU,2021-09-26 14:24:32,20.9625,-75.7186,86.61,67,7,6.62
199,Filingue,NE,2021-09-26 14:24:33,14.3521,3.3168,101.19,17,34,3.98
200,Windsor,CA,2021-09-26 14:22:05,42.3001,-83.0165,61.14,72,75,1.01
201,Sinnamary,GF,2021-09-26 14:24:33,5.3833,-52.95,86.76,61,39,8.25
202,Sovetskiy,RU,2021-09-26 14:24:34,61.3614,63.5842,36.79,67,100,6.24
203,Lasa,IT,2021-09-26 14:24:34,46.6166,10.7002,65.14,92,100,5.64
204,Stonewall,CA,2021-09-26 14:24:34,50.1344,-97.3268,58.01,52,28,6.78
205,San-Pedro,CI,2021-09-26 14:24:35,4.7485,-6.6363,73.45,99,100,6.71
206,Chino Valley,US,2021-09-26 14:24:35,34.7575,-112.4538,63.45,79,90,4.61
207,Metu,ET,2021-09-26 14:24:36,8.3,35.5833,62.71,95,99,1.34
208,Sao Joao Da Barra,BR,2021-09-26 14:24:36,-21.6403,-41.0511,82.49,65,24,17.11
209,Talnakh,RU,2021-09-26 14:24:36,69.4865,88.3972,34.52,55,83,4.72
210,Celestun,MX,2021-09-26 14:24:37,20.8667,-90.4,80.94,74,19,7.76
211,Cap Malheureux,MU,2021-09-26 14:24:37,-19.9842,57.6142,72.09,77,2,11.99
212,Port-Cartier,CA,2021-09-26 14:24:38,50.0334,-66.8654,55.92,96,100,14.41
213,Amapa,BR,2021-09-26 14:24:38,1.0,-52.0,89.31,50,88,4.92
214,Zadar,HR,2021-09-26 14:24:38,44.1197,15.2422,79.41,47,0,5.75
215,Alyangula,AU,2021-09-26 14:24:39,-13.8483,136.4192,75.07,88,55,1.14
216,Tasiilaq,GL,2021-09-26 14:24:39,65.6145,-37.6368,39.36,73,54,3.42
217,Lorengau,PG,2021-09-26 14:24:40,-2.0226,147.2712,80.85,81,21,8.61
218,Lebu,CL,2021-09-26 14:24:41,-37.6167,-73.65,50.43,67,12,14.54
219,Bin Qirdan,TN,2021-09-26 14:24:41,33.1378,11.2197,90.86,38,100,13.15
220,Asau,RO,2021-09-26 14:24:42,46.4333,26.4,74.75,52,4,2.82
221,Sao Filipe,CV,2021-09-26 14:24:42,14.8961,-24.4956,79.45,76,86,5.28
222,Mar Del Plata,AR,2021-09-26 14:22:55,-38.0023,-57.5575,66.22,62,0,15.01
223,Hualmay,PE,2021-09-26 14:24:43,-11.0964,-77.6139,64.0,80,67,7.74
224,Middletown,US,2021-09-26 14:24:43,39.5151,-84.3983,64.49,76,1,8.05
225,Northam,GB,2021-09-26 14:24:44,51.0333,-4.2167,69.21,64,99,16.78
226,Barra Do Corda,BR,2021-09-26 14:24:44,-5.5,-45.25,95.14,35,5,7.38
227,Saint-Augustin,CA,2021-09-26 14:24:45,51.226,-58.6502,60.42,85,100,5.14
228,Kondinskoye,RU,2021-09-26 14:24:45,59.6481,67.41,36.18,76,16,7.85
229,Bethel,US,2021-09-26 14:24:45,41.3712,-73.414,67.19,72,20,1.01
230,Coruripe,BR,2021-09-26 14:24:46,-10.1256,-36.1756,81.75,69,18,12.93
231,Kailua,US,2021-09-26 14:24:46,21.4022,-157.7394,78.78,73,75,8.05
232,Sola,VU,2021-09-26 14:24:47,-13.8833,167.55,78.55,79,15,16.4
233,Havoysund,NO,2021-09-26 14:24:47,70.9963,24.6622,49.08,70,100,14.9
234,Ewa Beach,US,2021-09-26 14:24:01,21.3156,-158.0072,78.75,78,1,11.01
235,Nemuro,JP,2021-09-26 14:24:47,43.3236,145.575,56.21,83,100,8.1
236,Qaqortoq,GL,2021-09-26 14:24:48,60.7167,-46.0333,37.9,42,0,5.01
237,Guerrero Negro,MX,2021-09-26 14:24:48,27.9769,-114.0611,68.52,80,0,12.06
238,Henties Bay,NA,2021-09-26 14:24:48,-22.116,14.2845,59.86,75,11,9.08
239,Kilindoni,TZ,2021-09-26 14:24:49,-7.9139,39.6668,78.03,70,9,9.98
240,Obo,CF,2021-09-26 14:24:49,5.3998,26.4869,75.99,76,93,2.91
241,Hamilton,US,2021-09-26 14:24:50,39.1834,-84.5333,64.6,72,1,1.01
242,Hogyesz,HU,2021-09-26 14:24:50,46.497,18.4184,79.12,39,11,6.58
243,West Odessa,US,2021-09-26 14:24:50,31.8424,-102.4988,68.83,53,1,11.5
244,Barrow,US,2021-09-26 14:23:13,71.2906,-156.7887,21.22,86,90,4.61
245,Palmer,US,2021-09-26 14:24:51,42.1584,-72.3287,68.5,64,20,4.0
246,Jiangyou,CN,2021-09-26 14:24:51,31.7667,104.7167,67.96,84,100,6.67
247,Moose Factory,CA,2021-09-26 14:24:52,51.2585,-80.6094,51.8,87,75,6.91
248,Hoa Binh,VN,2021-09-26 14:24:52,20.8133,105.3383,76.89,93,42,1.68
249,Prieska,ZA,2021-09-26 14:24:53,-29.6641,22.7474,95.07,5,29,11.92
250,High Level,CA,2021-09-26 14:24:53,58.5169,-117.136,30.31,93,75,3.44
251,Richards Bay,ZA,2021-09-26 14:24:53,-28.783,32.0377,73.08,74,31,12.1
252,Massafra,IT,2021-09-26 14:24:54,40.5888,17.117,85.17,57,58,6.6
253,Wote,KE,2021-09-26 14:24:54,-1.7808,37.6288,82.96,32,26,7.18
254,Jumla,NP,2021-09-26 14:24:55,29.2747,82.1838,60.6,86,74,2.01
255,Yeppoon,AU,2021-09-26 14:24:55,-23.1333,150.7333,69.58,74,41,12.88
256,Mehran,IR,2021-09-26 14:24:55,33.1222,46.1646,96.28,11,0,26.22
257,Puyang,CN,2021-09-26 14:24:56,29.4603,119.8861,73.18,78,40,2.68
258,Nanchong,CN,2021-09-26 14:24:56,30.7951,106.0847,70.27,88,100,12.26
259,Kalmanhaza,HU,2021-09-26 14:24:56,47.8833,21.5833,78.69,41,66,1.54
260,Bertoua,CM,2021-09-26 14:24:57,4.5833,13.6833,82.06,64,55,2.73
261,Salinopolis,BR,2021-09-26 14:22:42,-0.6136,-47.3561,85.26,65,92,13.98
262,Mahon,ES,2021-09-26 14:25:00,39.8885,4.2658,81.16,74,20,9.22
263,Elizabeth City,US,2021-09-26 14:25:01,36.2946,-76.2511,72.05,70,1,16.11
264,Cascais,PT,2021-09-26 14:22:21,38.6979,-9.4215,77.5,71,40,1.01
265,Stara Vyzhivka,UA,2021-09-26 14:25:03,51.4376,24.44,62.69,53,87,5.79
266,Ponta Do Sol,PT,2021-09-26 14:25:03,32.6667,-17.1,78.01,59,97,4.12
267,Kahului,US,2021-09-26 14:25:03,20.8947,-156.47,78.84,86,1,9.22
268,Khasan,RU,2021-09-26 14:25:04,42.4308,130.6434,63.37,88,37,6.78
269,Vieux-Habitants,GP,2021-09-26 14:25:04,16.0589,-61.7659,87.37,62,2,6.42
270,Bay Roberts,CA,2021-09-26 14:25:05,47.5999,-53.2648,61.66,73,87,8.01
271,Simbahan,PH,2021-09-26 14:25:05,6.3032,120.5836,83.46,73,21,8.05
272,Butaritari,KI,2021-09-26 14:25:05,3.0707,172.7902,83.1,76,85,16.28
273,Sur,OM,2021-09-26 14:25:06,22.5667,59.5289,88.03,57,0,3.0
274,Kurilsk,RU,2021-09-26 14:25:06,45.2333,147.8833,51.62,64,21,5.39
275,Nikolskoye,RU,2021-09-26 14:25:07,59.7035,30.7861,52.88,78,51,8.43
276,Bonfim,BR,2021-09-26 14:25:07,3.0833,-59.95,87.19,57,27,3.33
277,Turukhansk,RU,2021-09-26 14:25:08,65.8167,87.9833,36.25,84,7,8.12
278,Seoul,KR,2021-09-26 14:20:12,37.5683,126.9778,71.17,60,0,9.22
279,Korla,CN,2021-09-26 14:25:08,41.7597,86.1469,68.25,22,0,6.62
280,Bellefontaine,US,2021-09-26 14:22:50,40.3612,-83.7597,63.25,62,1,5.01
281,Grosse Pointe Park,US,2021-09-26 14:25:09,42.3759,-82.9374,61.25,70,1,1.99
282,Hami,CN,2021-09-26 14:25:09,42.8,93.45,66.49,18,1,7.38
283,Los Llanos De Aridane,ES,2021-09-26 14:25:09,28.6585,-17.9182,74.95,79,40,8.05
284,Batticaloa,LK,2021-09-26 14:25:10,7.7102,81.6924,84.15,72,93,4.81
285,Arraial Do Cabo,BR,2021-09-26 14:25:10,-22.9661,-42.0278,80.56,65,0,13.8
286,Komatipoort,ZA,2021-09-26 14:25:11,-25.4332,31.9548,96.04,15,0,7.63
287,Tygda,RU,2021-09-26 14:25:11,53.1167,126.3333,54.41,83,100,10.76
288,Voyvozh,RU,2021-09-26 14:25:11,62.892,54.9635,40.6,71,100,11.05
289,Innisfail,AU,2021-09-26 14:25:12,-17.5333,146.0333,67.86,88,33,3.36
290,Ilongero,TZ,2021-09-26 14:25:12,-4.6667,34.8667,76.23,34,100,9.4
291,Kiruna,SE,2021-09-26 14:25:13,67.8557,20.2251,45.52,76,90,14.97
292,Vestmannaeyjar,IS,2021-09-26 14:25:13,63.4427,-20.2734,43.79,81,90,8.05
293,Ukiah,US,2021-09-26 14:25:13,39.1502,-123.2078,56.64,85,90,4.61
294,Atasu,KZ,2021-09-26 14:25:14,48.6814,71.6433,59.63,13,94,11.12
295,Tianpeng,CN,2021-09-26 14:25:14,30.9866,103.9393,70.63,92,100,3.38
296,Pisco,PE,2021-09-26 14:23:59,-13.7,-76.2167,62.65,82,90,3.44
297,Port Lincoln,AU,2021-09-26 14:25:15,-34.7333,135.8667,56.5,78,95,13.69
298,Portland,US,2021-09-26 14:23:13,45.5234,-122.6762,59.74,82,90,1.01
299,Marathon,US,2021-09-26 14:25:15,44.9,-89.7668,56.88,77,1,10.36
300,Mayo,US,2021-09-26 14:25:16,38.8876,-76.5119,69.42,64,1,7.0
301,Warrnambool,AU,2021-09-26 14:25:16,-38.3833,142.4833,46.81,82,2,11.12
302,Kaupanger,NO,2021-09-26 14:25:16,61.1845,7.2404,61.29,62,0,8.05
303,Bubaque,GW,2021-09-26 14:25:17,11.2833,-15.8333,83.08,73,83,4.81
304,Ryotsu,JP,2021-09-26 14:25:17,38.0833,138.4333,66.45,79,29,7.31
305,Viedma,AR,2021-09-26 14:23:30,-40.8135,-62.9967,54.37,44,6,21.07
306,Acapulco,MX,2021-09-26 14:22:58,16.8634,-99.8901,79.68,82,100,4.41
307,Bairiki,KI,2021-09-26 14:25:18,1.3292,172.9752,82.4,74,20,12.66
308,Quatre Cocos,MU,2021-09-26 14:25:18,-20.2078,57.7625,71.71,80,17,15.08
309,Tambopata,PE,2021-09-26 14:25:19,-12.7333,-69.1833,85.89,66,0,5.75
310,Kaeo,NZ,2021-09-26 14:25:19,-35.1,173.7833,54.32,89,92,4.27
311,Panalipan,PH,2021-09-26 14:25:19,10.6483,124.0217,79.86,85,69,2.26
312,Inzer,RU,2021-09-26 14:25:20,54.2167,57.5556,50.34,63,100,9.1
313,Matagami,CA,2021-09-26 14:25:20,49.7502,-77.6328,44.71,100,90,8.05
314,Bukoba,TZ,2021-09-26 14:25:20,-1.3317,31.8122,76.24,55,20,6.91
315,Elko,US,2021-09-26 14:25:21,41.0002,-115.5012,41.02,24,3,5.77
316,Te Anau,NZ,2021-09-26 14:25:21,-45.4167,167.7167,32.22,90,42,1.45
317,Shaoguan,CN,2021-09-26 14:25:22,24.8,113.5833,82.04,70,83,1.63
318,Huntsville,US,2021-09-26 14:22:41,34.7304,-86.5861,70.25,83,1,1.01
319,Kalmunai,LK,2021-09-26 14:25:22,7.4167,81.8167,84.22,72,98,6.53
320,Karachi,PK,2021-09-26 14:25:22,24.9056,67.0822,87.62,70,40,8.05
321,Komsomolskiy,UZ,2021-09-26 14:25:23,40.4272,71.7189,79.52,22,0,0.0
322,Praia,CV,2021-09-26 14:25:23,14.9215,-23.5087,86.54,58,20,19.57
323,Tungor,RU,2021-09-26 14:25:24,53.3808,142.9564,43.3,81,3,8.48
324,Skjervoy,NO,2021-09-26 14:25:24,70.0311,20.9714,48.38,68,100,11.03
325,Tilichiki,RU,2021-09-26 14:25:24,60.4667,166.1,40.78,90,100,4.79
326,Bilma,NE,2021-09-26 14:25:25,18.6853,12.9164,98.82,12,0,8.55
327,Pevek,RU,2021-09-26 14:25:25,69.7008,170.3133,30.85,93,100,13.44
328,Kropotkin,RU,2021-09-26 14:25:25,45.4375,40.5756,63.68,64,84,24.16
329,La Palma,US,2021-09-26 14:25:26,33.8464,-118.0467,67.96,85,90,1.99
330,Naze,JP,2021-09-26 14:25:26,28.3667,129.4833,77.68,84,28,12.12
331,Chumikan,RU,2021-09-26 14:25:27,54.7183,135.315,49.44,76,83,4.47
332,Beringovskiy,RU,2021-09-26 14:25:27,63.05,179.3167,35.92,60,70,5.88
333,Caibarien,CU,2021-09-26 14:25:27,22.5206,-79.4669,85.32,80,30,1.41
334,Marawi,PH,2021-09-26 14:25:28,7.9986,124.2928,67.64,90,100,3.22
335,Caravelas,BR,2021-09-26 14:25:28,-17.7125,-39.2481,80.78,51,100,9.37
336,Marzuq,YE,2021-09-26 14:25:28,14.4,46.4667,91.26,13,8,13.44
337,Zyryanka,RU,2021-09-26 14:25:29,65.75,150.85,34.5,78,100,7.4
338,Margate,GB,2021-09-26 14:25:29,51.3813,1.3862,71.46,92,100,13.76
339,San Cristobal,VE,2021-09-26 14:25:30,7.7669,-72.225,82.58,54,30,5.97
340,Koygorodok,RU,2021-09-26 14:25:30,60.445,50.9968,43.48,93,100,8.9
341,Madison,US,2021-09-26 14:23:18,34.7334,-86.5667,69.82,82,1,1.01
342,Fenoarivo,MG,2021-09-26 14:25:31,-18.933,47.4354,69.87,43,40,11.5
343,Klaksvik,FO,2021-09-26 14:25:31,62.2266,-6.589,52.72,95,100,25.57
344,Weymouth,US,2021-09-26 14:25:31,42.2209,-70.9398,69.85,89,40,3.0
345,Inirida,CO,2021-09-26 14:25:32,3.8653,-67.9239,85.86,63,17,1.07
346,Tahta,EG,2021-09-26 14:25:32,26.7693,31.5021,91.72,20,4,15.23
347,Canyon,US,2021-09-26 14:25:32,34.9803,-101.9188,67.66,49,88,12.77
348,Tiarei,PF,2021-09-26 14:25:33,-17.5333,-149.3333,77.02,81,15,13.53
349,Mount Pleasant,US,2021-09-26 14:25:34,32.7941,-79.8626,77.0,71,1,1.99
350,Uitenhage,ZA,2021-09-26 14:25:34,-33.7576,25.3971,67.59,59,10,12.59
351,Faanui,PF,2021-09-26 14:25:34,-16.4833,-151.75,78.35,78,1,12.73
352,Urubicha,BO,2021-09-26 14:25:35,-15.3833,-62.95,93.38,30,64,6.24
353,Crestview,US,2021-09-26 14:23:48,30.7621,-86.5705,75.83,72,1,1.99
354,Shitkino,RU,2021-09-26 14:25:35,56.3703,98.3543,34.57,69,35,4.32
355,Dingle,PH,2021-09-26 14:25:36,10.9995,122.6711,77.74,89,87,1.72
356,Rudesheim,DE,2021-09-26 14:25:36,49.85,7.8167,71.31,88,72,9.51
357,Magadan,RU,2021-09-26 14:25:37,59.5667,150.8,43.34,74,100,11.65
358,Port Hardy,CA,2021-09-26 14:25:37,50.6996,-127.4199,55.4,94,75,8.05
359,Ngunguru,NZ,2021-09-26 14:25:37,-35.6167,174.5,54.16,85,90,7.38
360,Sistranda,NO,2021-09-26 14:25:38,63.7256,8.834,57.16,81,93,8.79
361,Phalodi,IN,2021-09-26 14:25:38,27.1333,72.3667,92.8,42,41,12.62
362,Kristiansund,NO,2021-09-26 14:25:39,63.1115,7.732,61.45,67,0,6.91
363,Huarmey,PE,2021-09-26 14:25:39,-10.0681,-78.1522,65.43,81,87,6.85
364,Taywarah,AF,2021-09-26 14:25:39,33.35,64.4167,61.83,10,0,5.53
365,Benghazi,LY,2021-09-26 14:25:40,32.1167,20.0667,78.21,56,0,16.04
366,Garowe,SO,2021-09-26 14:25:40,8.4054,48.4845,95.02,25,55,10.69
367,Sao Felix Do Xingu,BR,2021-09-26 14:25:41,-6.6447,-51.995,97.43,33,14,2.37
368,Denpasar,ID,2021-09-26 14:23:17,-8.65,115.2167,80.26,83,20,13.8
369,Emba,KZ,2021-09-26 14:25:41,48.8264,58.1442,60.73,37,100,16.4
370,Thunder Bay,CA,2021-09-26 14:21:31,48.4001,-89.3168,60.57,88,40,5.75
371,Torbay,CA,2021-09-26 14:25:42,47.6666,-52.7314,60.89,70,75,13.8
372,Tabou,CI,2021-09-26 14:25:42,4.423,-7.3528,73.99,96,100,6.69
373,Eyl,SO,2021-09-26 14:25:42,7.9803,49.8164,83.39,65,75,26.93
374,Diffa,NE,2021-09-26 14:25:43,13.3154,12.6113,101.23,11,5,7.56
375,Clyde River,CA,2021-09-26 14:25:43,70.4692,-68.5914,27.91,83,20,6.4
376,Hargeysa,SO,2021-09-26 14:25:43,9.56,44.065,84.94,28,93,7.11
377,Goksun,TR,2021-09-26 14:25:44,38.021,36.4973,76.15,14,0,5.75
378,Ciudad Guayana,VE,2021-09-26 14:25:45,8.3533,-62.6528,86.52,74,2,2.24
379,Kabalo,CD,2021-09-26 14:25:45,-6.05,26.9167,81.21,51,100,8.12
380,Natchez,US,2021-09-26 14:25:46,31.5604,-91.4032,68.9,80,1,0.0
381,Maroua,CM,2021-09-26 14:25:46,10.591,14.3159,93.42,52,20,3.44
382,Coquimbo,CL,2021-09-26 14:25:46,-29.9533,-71.3436,60.53,72,0,9.22
383,Luderitz,NA,2021-09-26 14:25:47,-26.6481,15.1594,69.31,60,0,12.97
384,Adeje,ES,2021-09-26 14:25:47,28.1227,-16.726,80.17,60,20,1.99
385,Yarada,IN,2021-09-26 14:25:47,17.65,83.2667,79.12,100,90,10.36
386,Grindavik,IS,2021-09-26 14:25:48,63.8424,-22.4338,44.55,81,90,27.63
387,Yerbogachen,RU,2021-09-26 14:25:48,61.2767,108.0108,37.02,70,100,14.56
388,Rocha,UY,2021-09-26 14:25:48,-34.4833,-54.3333,68.45,62,0,3.29
389,Jamame,SO,2021-09-26 14:25:49,0.0722,42.7506,81.81,59,0,15.59
390,Batemans Bay,AU,2021-09-26 14:25:16,-35.7167,150.1833,45.91,75,94,4.0
391,Limbang,MY,2021-09-26 14:25:49,4.75,115.0,80.91,92,100,0.83
392,Tocopilla,CL,2021-09-26 14:25:50,-22.092,-70.1979,66.61,62,14,4.59
393,Aguimes,ES,2021-09-26 14:25:50,27.9054,-15.4461,78.66,70,20,17.27
394,Khandagayty,RU,2021-09-26 14:25:50,50.7333,92.05,38.48,53,85,5.77
395,Arlit,NE,2021-09-26 14:25:51,18.7369,7.3853,102.27,9,5,13.76
396,Jejuri,IN,2021-09-26 14:25:51,18.2833,74.1667,74.19,83,100,8.57
397,Sicamous,CA,2021-09-26 14:25:51,50.8331,-118.9856,57.09,82,92,2.89
398,Pimenta Bueno,BR,2021-09-26 14:25:40,-11.6725,-61.1936,93.56,39,54,4.94
399,Kavaratti,IN,2021-09-26 14:25:52,10.5669,72.642,82.22,79,82,20.45
400,Tayginka,RU,2021-09-26 14:25:52,55.6244,60.5076,45.16,87,100,10.45
401,Severo-Yeniseyskiy,RU,2021-09-26 14:25:53,60.3725,93.0408,33.53,97,100,6.71
402,Labuhan,ID,2021-09-26 14:25:53,-6.8844,112.2051,80.29,79,42,7.0
403,Jalu,LY,2021-09-26 14:25:54,29.0331,21.5482,86.22,24,0,11.03
404,Zhicheng,CN,2021-09-26 14:25:54,30.2956,111.5047,72.64,82,0,4.99
405,Honiara,SB,2021-09-26 14:21:27,-9.4333,159.95,77.7,89,32,4.32
406,Zandvoort,NL,2021-09-26 14:25:54,52.3749,4.5341,74.91,67,20,11.5
407,Lanxi,CN,2021-09-26 14:25:55,29.2195,119.477,75.33,73,100,3.87
408,Seymchan,RU,2021-09-26 14:25:55,62.8833,152.4333,30.99,75,68,5.12
409,Oussouye,SN,2021-09-26 14:25:56,12.485,-16.5469,91.58,57,99,1.28
410,Luanda,AO,2021-09-26 14:22:49,-8.8368,13.2343,76.69,73,57,12.71
411,Balkany,HU,2021-09-26 14:25:56,47.7707,21.8631,78.4,41,36,1.43
412,Cururupu,BR,2021-09-26 14:25:57,-1.8283,-44.8683,85.64,60,85,9.15
413,Mayumba,GA,2021-09-26 14:25:57,-3.432,10.6554,78.49,79,89,9.66
414,Coari,BR,2021-09-26 14:25:57,-4.085,-63.1414,90.0,51,34,2.3
415,Chambas,CU,2021-09-26 14:25:58,22.1928,-78.9136,85.62,79,19,1.48
416,Saint-Pierre,RE,2021-09-26 14:25:58,-21.3393,55.4781,73.29,74,0,21.85
417,Dukhovnitskoye,RU,2021-09-26 14:25:59,52.4828,48.2137,55.47,75,100,7.4
418,Uba,BR,2021-09-26 14:25:59,-21.12,-42.9428,83.86,10,14,3.0
419,Voznesenye,RU,2021-09-26 14:25:59,61.0106,35.4781,49.55,90,100,7.96
420,Fevik,NO,2021-09-26 14:26:00,58.3794,8.6766,58.77,71,90,8.21
421,Usakos,NA,2021-09-26 14:26:00,-22.0,15.6,97.81,10,0,18.66
422,Merauke,ID,2021-09-26 14:26:00,-8.4667,140.3333,77.36,89,100,12.3
423,Krasnyy Yar,RU,2021-09-26 14:26:01,46.5331,48.3456,62.53,51,100,17.2
424,Adrar,MR,2021-09-26 14:26:01,20.5022,-10.0711,104.58,11,10,6.15
425,Antalaha,MG,2021-09-26 14:26:02,-14.9003,50.2788,75.42,69,62,13.42
426,Serra Branca,BR,2021-09-26 14:26:02,-6.5333,-38.2667,91.29,31,24,10.96
427,Banda Aceh,ID,2021-09-26 14:26:02,5.5577,95.3222,80.06,79,100,12.84
428,Sept-Iles,CA,2021-09-26 14:25:20,50.2001,-66.3821,56.25,97,90,7.0
429,Haines Junction,CA,2021-09-26 14:26:03,60.7522,-137.5108,26.55,86,100,1.14
430,Masallatah,LY,2021-09-26 14:26:03,32.6167,14.0,82.53,43,14,14.29
431,Kruisfontein,ZA,2021-09-26 14:26:04,-34.0033,24.7314,65.88,67,59,13.02
432,Lyubytino,RU,2021-09-26 14:26:04,58.8122,33.3922,51.21,89,82,8.57
433,Egvekinot,RU,2021-09-26 14:26:04,66.3167,-179.1667,20.05,78,29,5.97
434,Muros,ES,2021-09-26 14:26:05,42.7762,-9.0603,67.86,86,100,13.49
435,Cierna Nad Tisou,SK,2021-09-26 14:26:05,48.417,22.0887,74.82,48,4,1.36
436,Borogontsy,RU,2021-09-26 14:26:06,62.6683,131.1683,39.58,73,100,3.0
437,Grand-Santi,GF,2021-09-26 14:26:06,4.25,-54.3833,90.95,44,45,3.98
438,Coahuayana,MX,2021-09-26 14:26:06,18.7333,-103.6833,80.08,85,99,2.86
439,Dongkan,CN,2021-09-26 14:26:07,33.9997,119.8308,71.82,90,30,8.34
440,Coronado,US,2021-09-26 14:26:07,32.6859,-117.1831,67.48,90,90,4.61
441,Lahij,YE,2021-09-26 14:26:07,13.1667,44.5833,96.73,32,40,10.63
442,Srednekolymsk,RU,2021-09-26 14:26:08,67.45,153.6833,32.72,97,100,17.13
443,Furano,JP,2021-09-26 14:26:08,43.2818,142.4743,47.95,96,88,2.46
444,Mount Gambier,AU,2021-09-26 14:26:09,-37.8333,140.7667,42.71,93,85,5.75
445,Leshukonskoye,RU,2021-09-26 14:26:09,64.8989,45.7622,46.71,96,100,3.98
446,Villazon,BO,2021-09-26 14:26:09,-22.0866,-65.5942,60.01,6,0,9.15
447,Tazovskiy,RU,2021-09-26 14:26:10,67.4667,78.7,34.68,69,6,7.14
448,Boa Vista,BR,2021-09-26 14:25:36,2.8197,-60.6733,84.18,65,20,6.91
449,Las Juntas,MX,2021-09-26 14:26:10,19.4167,-104.7,74.73,90,100,2.95
450,Quemado De Guines,CU,2021-09-26 14:26:11,22.7853,-80.2536,84.42,79,82,4.59
451,Victoria Point,AU,2021-09-26 14:26:11,-27.5833,153.3,64.49,91,100,5.99
452,Cayenne,GF,2021-09-26 14:26:11,4.9333,-52.3333,89.64,73,75,1.99
453,Dunedin,NZ,2021-09-26 14:26:12,-45.8742,170.5036,37.8,83,35,5.46
454,Torbat-E Jam,IR,2021-09-26 14:26:12,35.244,60.6225,79.77,28,0,9.22
455,Ulaangom,MN,2021-09-26 14:26:13,49.9811,92.0667,42.31,49,28,8.59
456,Neiafu,TO,2021-09-26 14:26:13,-18.65,-173.9833,65.08,94,20,0.0
457,Erenhot,CN,2021-09-26 14:26:13,43.6475,111.9767,58.37,28,0,7.05
458,Griffith,US,2021-09-26 14:26:14,41.5284,-87.4237,66.04,53,1,1.99
459,Salalah,OM,2021-09-26 14:26:14,17.0151,54.0924,84.29,89,40,10.36
460,Puerto Leguizamo,CO,2021-09-26 14:26:15,-0.1934,-74.7819,80.2,66,61,0.58
461,San Andres,CO,2021-09-26 14:26:15,12.5847,-81.7006,86.02,79,75,16.11
462,Samarai,PG,2021-09-26 14:26:15,-10.6167,150.6667,79.32,86,70,11.79
463,College,US,2021-09-26 14:24:46,64.8569,-147.8028,31.95,92,90,0.0
464,Mugan,CN,2021-09-26 14:26:16,35.9404,101.3842,54.73,70,100,4.41
465,Holetown,BB,2021-09-26 14:26:16,13.1867,-59.6381,88.36,69,29,8.39
466,Bella Union,UY,2021-09-26 14:26:17,-30.2752,-57.6007,71.78,56,2,6.51
467,Pangnirtung,CA,2021-09-26 14:26:17,66.1451,-65.7125,34.52,60,21,0.98
468,Aleksandrovskoye,RU,2021-09-26 14:26:17,44.7142,43.0008,68.14,59,25,19.01
469,Asasa,ET,2021-09-26 14:26:18,7.1,39.2,59.23,79,81,2.08
470,Alice Springs,AU,2021-09-26 14:24:13,-23.7,133.8833,63.95,17,0,5.75
471,Broken Hill,AU,2021-09-26 14:26:18,-31.95,141.4333,51.51,32,100,0.0
472,Sunel,IN,2021-09-26 14:26:18,24.3667,75.9667,80.08,82,35,5.26
473,Quang Ngai,VN,2021-09-26 14:26:19,15.1167,108.8,76.87,89,6,2.37
474,Amahai,ID,2021-09-26 14:26:19,-3.3333,128.9167,78.84,87,100,5.19
475,Farah,AF,2021-09-26 14:21:43,32.5,62.5,86.4,5,0,5.19
476,Teluk Nibung,ID,2021-09-26 14:26:20,3.001,99.8164,79.23,84,87,2.15
477,Mareeba,AU,2021-09-26 14:26:20,-17.0,145.4333,68.72,94,53,2.53
478,Xuddur,SO,2021-09-26 14:26:21,4.1213,43.8894,88.41,33,95,16.35
479,Porbandar,IN,2021-09-26 14:26:21,21.6422,69.6093,81.52,82,24,6.96
480,Baherden,TM,2021-09-26 14:24:11,38.4362,57.4316,67.96,66,98,18.97
481,Santa Elena,EC,2021-09-26 14:26:21,-2.2333,-80.85,69.35,88,90,8.05
482,Sosnytsya,UA,2021-09-26 14:26:22,51.5239,32.4999,56.59,65,35,14.5
483,Santa Rosa,PH,2021-09-26 14:26:22,14.3122,121.1114,85.1,73,50,3.6
484,Pulandian,CN,2021-09-26 14:26:23,39.3953,121.9669,71.73,89,100,5.21
485,Hofn,IS,2021-09-26 14:26:23,64.2539,-15.2082,42.82,87,90,4.61
486,Jose De Freitas,BR,2021-09-26 14:26:23,-4.7564,-42.5756,92.35,30,9,7.92
487,Kathmandu,NP,2021-09-26 14:22:38,27.7167,85.3167,71.82,88,20,2.3
488,Yumen,CN,2021-09-26 14:26:24,40.2833,97.2,63.0,24,0,7.31
489,Cordoba,AR,2021-09-26 14:23:06,-31.4135,-64.1811,78.42,38,0,10.0
490,Belmopan,BZ,2021-09-26 14:26:24,17.25,-88.7667,85.3,80,100,0.81
491,Sobolevo,RU,2021-09-26 14:26:25,54.4299,31.8996,50.5,79,68,14.41
492,Sibolga,ID,2021-09-26 14:26:25,1.7427,98.7792,77.0,93,100,3.38
493,Guadalupe Victoria,MX,2021-09-26 14:26:25,32.2869,-115.105,77.52,50,7,4.9
494,Zhigansk,RU,2021-09-26 14:26:26,66.7697,123.3711,32.2,81,5,12.48
495,Alappuzha,IN,2021-09-26 14:26:26,9.49,76.3264,80.92,82,100,7.74
496,Tonj,SS,2021-09-26 14:26:26,7.2737,28.6822,83.64,62,37,1.32
497,Santa Marta,CO,2021-09-26 14:21:56,11.2408,-74.199,88.99,67,22,1.01
498,Timra,SE,2021-09-26 14:26:27,62.487,17.3257,56.91,71,90,4.61
499,Ariquemes,BR,2021-09-26 14:26:27,-9.9133,-63.0408,94.39,39,2,4.41
500,Lima,PE,2021-09-26 14:24:46,-12.0432,-77.0282,60.13,82,90,8.05
501,Kavieng,PG,2021-09-26 14:26:28,-2.5744,150.7967,81.66,82,100,11.65
502,Slavutych,UA,2021-09-26 14:26:29,51.5196,30.7343,59.2,58,6,7.0
503,Linhares,BR,2021-09-26 14:26:29,-19.3911,-40.0722,85.57,41,49,6.85
504,Aljezur,PT,2021-09-26 14:26:29,37.3191,-8.8033,73.26,54,100,8.77
505,Sembe,CG,2021-09-26 14:26:30,1.6481,14.5806,85.03,56,65,3.56
506,Hervey Bay,AU,2021-09-26 14:26:30,-25.2986,152.8535,69.03,79,92,15.32
507,Gazanjyk,TM,2021-09-26 14:26:31,39.2446,55.5154,65.12,64,100,6.38
508,Soure,BR,2021-09-26 14:26:31,-0.7167,-48.5233,84.97,67,58,13.6
509,Khandyga,RU,2021-09-26 14:26:31,62.6667,135.6,33.8,93,7,4.16
510,Ushtobe,KZ,2021-09-26 14:26:32,45.2514,77.9838,63.41,17,82,10.11
511,Stephenville,US,2021-09-26 14:26:32,32.2207,-98.2023,73.76,57,1,0.0
512,Aklavik,CA,2021-09-26 14:26:33,68.2191,-135.0107,29.23,80,40,4.61
513,Goderich,CA,2021-09-26 14:26:33,43.7501,-81.7165,60.91,72,50,10.36
514,Peniche,PT,2021-09-26 14:26:33,39.3558,-9.3811,78.62,83,94,9.84
515,Marsh Harbour,BS,2021-09-26 14:26:34,26.5412,-77.0636,80.83,74,100,15.73
516,Port-Gentil,GA,2021-09-26 14:26:34,-0.7193,8.7815,84.16,74,40,17.27
517,Hayden,US,2021-09-26 14:26:34,47.766,-116.7866,58.39,81,1,0.0
518,Camopi,GF,2021-09-26 14:26:35,3.1655,-52.3158,89.71,49,64,4.79
519,San Policarpo,PH,2021-09-26 14:26:35,12.1791,125.5072,79.34,86,44,3.62
520,Fecamp,FR,2021-09-26 14:26:36,49.7579,0.3746,71.46,79,100,10.11
521,Jian,CN,2021-09-26 14:26:36,27.1172,114.9793,85.51,58,5,3.42
522,Parintins,BR,2021-09-26 14:26:36,-2.6283,-56.7358,92.98,44,5,3.27
523,Abhar,IR,2021-09-26 14:26:37,36.1468,49.218,56.66,58,0,9.1
524,Mujiayingzi,CN,2021-09-26 14:26:37,42.1167,118.7833,59.92,85,100,6.08
525,Great Bend,US,2021-09-26 14:26:37,38.3645,-98.7648,72.88,47,1,4.0
526,Camana,PE,2021-09-26 14:26:38,-16.6228,-72.7111,63.52,77,91,7.23
527,Forio,IT,2021-09-26 14:26:38,40.7342,13.8646,83.25,57,100,3.67
528,Laguna,US,2021-09-26 14:26:38,38.421,-121.4238,65.64,85,1,1.01
529,Durgapur,IN,2021-09-26 14:26:39,23.4833,87.3167,81.03,86,96,6.15
530,Bereda,ES,2021-09-26 14:26:39,43.2686,-7.5406,70.41,67,100,7.0
531,Bershet,RU,2021-09-26 14:26:40,57.7309,56.3783,47.46,85,100,15.82
532,Oyem,GA,2021-09-26 14:26:40,1.5995,11.5793,75.81,82,96,1.07
533,Kuala Terengganu,MY,2021-09-26 14:26:40,5.3302,103.1408,84.15,79,20,8.05
534,Okhotsk,RU,2021-09-26 14:26:41,59.3833,143.3,44.44,58,4,10.76
535,Dobson,US,2021-09-26 14:26:41,36.3957,-80.7226,67.42,66,1,3.44
536,Tura,IN,2021-09-26 14:26:41,25.5198,90.2201,76.69,91,74,3.02
537,Tautira,PF,2021-09-26 14:26:42,-17.7333,-149.15,77.02,81,15,15.39
538,Uyuni,BO,2021-09-26 14:26:42,-20.4597,-66.825,53.02,10,0,5.66
539,Asyut,EG,2021-09-26 14:26:43,27.181,31.1837,91.58,22,1,13.91
540,Chubbuck,US,2021-09-26 14:26:43,42.9208,-112.4661,58.46,40,1,7.0
541,Meiktila,MM,2021-09-26 14:26:44,20.8667,95.8667,81.01,75,99,5.68
542,Makakilo City,US,2021-09-26 14:26:44,21.3469,-158.0858,77.32,79,1,5.75
543,Conselheiro Pena,BR,2021-09-26 14:26:44,-19.1722,-41.4722,85.59,40,22,4.92
544,Bayonet Point,US,2021-09-26 14:26:45,28.3267,-82.6834,85.03,77,0,1.01
545,Canico,PT,2021-09-26 14:26:45,32.6333,-16.85,78.01,67,20,1.01
546,Zhanaozen,KZ,2021-09-26 14:26:45,43.3,52.8,61.97,56,66,14.41
547,Dali,CN,2021-09-26 14:26:46,25.7,100.1833,60.96,89,87,2.8
548,Sananduva,BR,2021-09-26 14:26:46,-27.9497,-51.8067,72.37,64,0,4.27
549,Mwinilunga,ZM,2021-09-26 14:26:47,-11.7358,24.4293,90.23,14,94,4.52
550,Chengde,CN,2021-09-26 14:26:47,40.9725,117.9361,61.36,97,100,0.89
551,Athabasca,CA,2021-09-26 14:26:47,54.7169,-113.2854,53.42,89,100,6.69
